product_id,total_revenue,total_profit,avg_margin_pct
101,39.98,22.979999999999997,0.5747873936968484
